{
  "fold": 2,
  "val_accuracy": 0.03731343150138855,
  "training_history": {
    "loss": [
      3.4708149433135986,
      3.4789087772369385,
      3.47305965423584,
      3.5011160373687744,
      3.471466064453125,
      3.459791660308838,
      3.471451997756958,
      3.4761064052581787,
      3.4700241088867188,
      3.5013575553894043,
      3.468825578689575,
      3.4843640327453613,
      3.4721429347991943,
      3.464794397354126,
      3.4688971042633057,
      3.497849225997925,
      3.469536066055298,
      3.4562723636627197,
      3.472472667694092,
      3.485738754272461,
      3.4698073863983154,
      3.4839041233062744,
      3.46966552734375,
      3.4888882637023926
    ],
    "accuracy": [
      0.032755300402641296,
      0.0,
      0.028901733458042145,
      0.0,
      0.00770712923258543,
      0.0625,
      0.032755300402641296,
      0.0625,
      0.022727273404598236,
      0.0,
      0.038535647094249725,
      0.0,
      0.038535647094249725,
      0.0625,
      0.028901733458042145,
      0.0,
      0.032755300402641296,
      0.0625,
      0.03082851693034172,
      0.0625,
      0.03787878900766373,
      0.0,
      0.032755300402641296,
      0.0
    ],
    "val_loss": [
      50.67975997924805,
      50.429283142089844,
      30.17938995361328,
      28.64936065673828,
      22.16805076599121,
      21.70577621459961,
      14.925102233886719,
      14.561175346374512,
      15.839675903320312,
      16.3972225189209,
      21.775022506713867,
      20.883495330810547,
      13.072854995727539,
      13.228166580200195,
      12.337386131286621,
      12.22313404083252,
      13.607927322387695,
      14.322114944458008,
      22.54965591430664,
      23.133773803710938,
      60.034080505371094,
      58.29672622680664,
      23.581974029541016,
      23.567867279052734
    ],
    "val_accuracy": [
      0.03125,
      0.03125,
      0.0234375,
      0.03125,
      0.03125,
      0.0234375,
      0.03125,
      0.03125,
      0.0390625,
      0.0390625,
      0.0390625,
      0.0390625,
      0.03125,
      0.0234375,
      0.03125,
      0.03125,
      0.0390625,
      0.0390625,
      0.03125,
      0.03125,
      0.0234375,
      0.03125,
      0.03125,
      0.0390625
    ]
  }
}