{
  "fold": 1,
  "val_accuracy": 0.03731343150138855,
  "training_history": {
    "loss": [
      3.474045753479004,
      3.4778599739074707,
      3.472719430923462,
      3.4626688957214355,
      3.470550060272217,
      3.457585096359253,
      3.4715919494628906,
      3.473590850830078,
      3.4654712677001953,
      3.4815351963043213,
      3.472365140914917,
      3.4879560470581055,
      3.4714343547821045,
      3.470974922180176,
      3.47458553314209,
      3.461520195007324,
      3.474761962890625,
      3.4766125679016113,
      3.4724044799804688,
      3.4643335342407227
    ],
    "accuracy": [
      0.02119460515677929,
      0.0,
      0.040462426841259,
      0.0625,
      0.03082851693034172,
      0.0,
      0.026974951848387718,
      0.0,
      0.028901733458042145,
      0.125,
      0.028901733458042145,
      0.0,
      0.03082851693034172,
      0.0,
      0.03660886362195015,
      0.0625,
      0.03082851693034172,
      0.0625,
      0.02119460515677929,
      0.0625
    ],
    "val_loss": [
      27.941497802734375,
      27.902873992919922,
      21.2774715423584,
      21.80669403076172,
      19.970218658447266,
      19.778486251831055,
      20.61186408996582,
      20.076793670654297,
      23.486013412475586,
      24.191471099853516,
      33.609619140625,
      32.15692901611328,
      16.58120346069336,
      16.781814575195312,
      41.84241485595703,
      43.937294006347656,
      31.56930923461914,
      31.550294876098633,
      19.678733825683594,
      21.107593536376953
    ],
    "val_accuracy": [
      0.03125,
      0.03125,
      0.03125,
      0.03125,
      0.0390625,
      0.0390625,
      0.03125,
      0.03125,
      0.03125,
      0.03125,
      0.03125,
      0.03125,
      0.03125,
      0.03125,
      0.03125,
      0.03125,
      0.03125,
      0.0234375,
      0.03125,
      0.03125
    ]
  }
}