{
  "fold": 4,
  "val_accuracy": 0.03731343150138855,
  "training_history": {
    "loss": [
      3.4709696769714355,
      3.4876744747161865,
      3.4727213382720947,
      3.4710779190063477,
      3.4701123237609863,
      3.4763846397399902,
      3.468848943710327,
      3.466071844100952,
      3.4680850505828857,
      3.476747512817383,
      3.4733731746673584,
      3.4688844680786133,
      3.473304271697998,
      3.472531795501709,
      3.471203565597534,
      3.4815514087677
    ],
    "accuracy": [
      0.02504817023873329,
      0.0625,
      0.026974951848387718,
      0.0625,
      0.026974951848387718,
      0.0,
      0.026974951848387718,
      0.0,
      0.034682080149650574,
      0.0,
      0.02119460515677929,
      0.0,
      0.02119460515677929,
      0.0625,
      0.03082851693034172,
      0.0
    ],
    "val_loss": [
      47.345191955566406,
      47.7588996887207,
      46.42546463012695,
      46.785682678222656,
      40.422828674316406,
      39.82975387573242,
      24.015583038330078,
      24.544715881347656,
      27.800678253173828,
      27.698123931884766,
      37.13045120239258,
      37.22145080566406,
      24.63296127319336,
      24.183208465576172,
      19.434181213378906,
      19.683088302612305
    ],
    "val_accuracy": [
      0.0390625,
      0.03125,
      0.0390625,
      0.0234375,
      0.0390625,
      0.03125,
      0.03125,
      0.0390625,
      0.03125,
      0.03125,
      0.0234375,
      0.03125,
      0.03125,
      0.03125,
      0.0234375,
      0.0234375
    ]
  }
}