{
  "fold": 5,
  "val_accuracy": 0.030075188726186752,
  "training_history": {
    "loss": [
      3.471930742263794,
      3.4612011909484863,
      3.472783088684082,
      3.5181872844696045,
      3.469040870666504,
      3.45039439201355,
      3.4714770317077637,
      3.464151382446289,
      3.4729084968566895,
      3.467569589614868,
      3.470489263534546,
      3.4696805477142334,
      3.4718263149261475,
      3.488593101501465,
      3.4712908267974854,
      3.5004830360412598
    ],
    "accuracy": [
      0.023076923564076424,
      0.0,
      0.028846153989434242,
      0.0,
      0.021153846755623817,
      0.0625,
      0.036538463085889816,
      0.0625,
      0.026923077180981636,
      0.0,
      0.02500000037252903,
      0.0,
      0.03461538627743721,
      0.0,
      0.032692309468984604,
      0.0
    ],
    "val_loss": [
      36.54607391357422,
      36.808021545410156,
      23.051870346069336,
      22.903589248657227,
      25.017122268676758,
      25.210262298583984,
      32.413204193115234,
      31.857080459594727,
      32.20355987548828,
      31.619789123535156,
      28.57000160217285,
      29.136348724365234,
      28.988569259643555,
      28.977216720581055,
      42.802459716796875,
      41.79594802856445
    ],
    "val_accuracy": [
      0.03125,
      0.03125,
      0.03125,
      0.03125,
      0.03125,
      0.03125,
      0.03125,
      0.03125,
      0.0234375,
      0.03125,
      0.03125,
      0.03125,
      0.03125,
      0.03125,
      0.03125,
      0.03125
    ]
  }
}