{
  "fold": 3,
  "val_accuracy": 0.02985074557363987,
  "training_history": {
    "loss": [
      3.470118761062622,
      3.4925894737243652,
      3.473442316055298,
      3.4866433143615723,
      3.471245527267456,
      3.463459014892578,
      3.469937562942505,
      3.484442710876465,
      3.472426176071167,
      3.462009906768799,
      3.4690418243408203,
      3.4768776893615723,
      3.472017526626587,
      3.4829626083374023,
      3.4736344814300537,
      3.475393533706665
    ],
    "accuracy": [
      0.028901733458042145,
      0.0,
      0.02504817023873329,
      0.0,
      0.03082851693034172,
      0.0,
      0.03660886362195015,
      0.0,
      0.028901733458042145,
      0.0625,
      0.026974951848387718,
      0.0,
      0.019267823547124863,
      0.0,
      0.023121386766433716,
      0.0
    ],
    "val_loss": [
      37.697967529296875,
      36.52153015136719,
      24.5950984954834,
      24.711915969848633,
      18.80099105834961,
      19.41053581237793,
      18.34073257446289,
      18.13300323486328,
      18.672616958618164,
      17.630836486816406,
      16.27674674987793,
      16.08665657043457,
      20.871076583862305,
      20.53887176513672,
      29.054031372070312,
      28.33392906188965
    ],
    "val_accuracy": [
      0.03125,
      0.03125,
      0.03125,
      0.0234375,
      0.03125,
      0.03125,
      0.03125,
      0.03125,
      0.03125,
      0.03125,
      0.03125,
      0.03125,
      0.03125,
      0.03125,
      0.03125,
      0.03125
    ]
  }
}